{
    "weights": {
        "lgb": 0.16855843062316195,
        "xgb": 0.12906915937348115,
        "rf": 0.7023724100033569
    },
    "threshold": 0.48003048892989475,
    "performance": {
        "f1_score": 0.7333333333333333,
        "best_optimization_score": 0.9964475116971879
    }
}