{
    "weights": {
        "lgb": 0.09747359394277325,
        "xgb": 0.13328119599778043,
        "rf": 0.7692452100594462
    },
    "threshold": 0.5056709012316656,
    "performance": {
        "f1_score": 0.7226890756302521,
        "best_optimization_score": 0.9999999999999999
    }
}