{
    "weights": {
        "lgb": 0.058638059324746215,
        "xgb": 0.06259480563010968,
        "rf": 0.44612840466992826,
        "ada": 0.08287785906965646,
        "gb": 0.34976087130555944
    },
    "threshold": 0.4258660007871339,
    "performance": {
        "f1": 0.7154471544715446,
        "precision": 0.7333333333333333,
        "recall": 0.6984126984126984,
        "auc": 0.9621893814997263
    }
}