{
    "weights": {
        "lgb": 0.048650315228886465,
        "xgb": 0.04946861284285579,
        "rf": 0.37844736391328576,
        "ada": 0.3023413145002021,
        "gb": 0.2210923935147699
    },
    "threshold": 0.45027137017692365,
    "performance": {
        "f1": 0.7049180327868851,
        "precision": 0.7288135593220338,
        "recall": 0.6825396825396826,
        "auc": 0.9622550629447181
    }
}