{
    "weights": {
        "lgb": 0.1047361379090746,
        "xgb": 0.11746517663521265,
        "rf": 0.7777986854557126
    },
    "threshold": 0.5148577913587052,
    "performance": {
        "f1_score": 0.706896551724138,
        "best_optimization_score": 0.9999999999999999
    }
}