{
    "best_params": {
        "algorithm": "SAMME",
        "base_estimator__max_depth": 5,
        "learning_rate": 0.22472509571675656,
        "n_estimators": 117
    },
    "best_score": 0.7678568699337829
}