{
    "best_params": {
        "learning_rate": 0.08446989320409336,
        "max_depth": 5,
        "max_features": null,
        "min_samples_leaf": 2,
        "min_samples_split": 2,
        "n_estimators": 198,
        "subsample": 0.6097164029815249
    },
    "best_score": 0.7761665852103717
}