{
    "best_thresholds": {
        "lgb": {
            "threshold": 0.37,
            "f1_score": 0.7086614173228346,
            "precision": 0.703125,
            "recall": 0.7142857142857143
        },
        "rf": {
            "threshold": 0.34,
            "f1_score": 0.776978417266187,
            "precision": 0.7105263157894737,
            "recall": 0.8571428571428571
        },
        "xgb": {
            "threshold": 0.7100000000000001,
            "f1_score": 0.7192982456140351,
            "precision": 0.803921568627451,
            "recall": 0.6507936507936508
        },
        "ada": {
            "threshold": 0.48000000000000004,
            "f1_score": 0.7210884353741497,
            "precision": 0.6309523809523809,
            "recall": 0.8412698412698413
        },
        "gb": {
            "threshold": 0.24000000000000002,
            "f1_score": 0.7194244604316548,
            "precision": 0.6578947368421053,
            "recall": 0.7936507936507936
        }
    },
    "common_threshold": 0.48000000000000015,
    "timestamp": "20241023_030219"
}